{
    "app_version": "269.0.0.18.75",
    "android_version": "10",
    "android_release": "10",
    "dpi": "420dpi",
    "resolution": "1080x2340",
    "manufacturer": "oppo",
    "device": "A74",
    "model": "A74",
    "cpu": "qcom",
    "version_code": "365203812",
    "user_agent": "Instagram 269.0.0.18.75 Android (10/10; 420dpi; 1080x2340; oppo; A74; a74; qcom)",
    "device_id": "android-f7a300dbbbb2bde3",
    "phone_id": "861724cf4aaecbbc79ce7741602ae925-9e9591cdd8ff08bead01eba8477ab607",
    "uuid": "f7685da4-279d-1f29-007e-0349f2a0ca6a",
    "device_name": "oppo A74"
}