{
    "app_version": "269.0.0.18.75",
    "android_version": "11",
    "android_release": "11",
    "dpi": "400dpi",
    "resolution": "1080x2280",
    "manufacturer": "oppo",
    "device": "A74",
    "model": "A74",
    "cpu": "qcom",
    "version_code": "365203812",
    "user_agent": "Instagram 269.0.0.18.75 Android (11/11; 400dpi; 1080x2280; oppo; A74; a74; qcom)",
    "device_id": "android-03db0b9f06f5fef3",
    "phone_id": "837e3f407bf870032fcc7d7b97e58d75-b7bc15898843205175b0ffe939c38cc4",
    "uuid": "a4f4e818-f7a8-9b1d-83a9-94303da54f41",
    "device_name": "oppo A74"
}