{
    "app_version": "269.0.0.18.75",
    "android_version": "10",
    "android_release": "10",
    "dpi": "560dpi",
    "resolution": "1440x3200",
    "manufacturer": "oppo",
    "device": "Find X3 Pro",
    "model": "Find X3 Pro",
    "cpu": "qcom",
    "version_code": "365203812",
    "user_agent": "Instagram 269.0.0.18.75 Android (10/10; 560dpi; 1440x3200; oppo; Find X3 Pro; find-x3-pro; qcom)",
    "device_id": "android-f537eccb80e42e1b",
    "phone_id": "0f43f70db5d59fbcdd076012180b0549-3d1a3668ff15dfaf623d8072de169051",
    "uuid": "d1289f13-9e47-2c55-5e49-9936683f6d6e",
    "device_name": "oppo Find X3 Pro"
}