{
    "app_version": "269.0.0.18.75",
    "android_version": "12",
    "android_release": "12",
    "dpi": "440dpi",
    "resolution": "1080x2340",
    "manufacturer": "xiaomi",
    "device": "POCO F3",
    "model": "POCO F3",
    "cpu": "qcom",
    "version_code": "365203812",
    "user_agent": "Instagram 269.0.0.18.75 Android (12/12; 440dpi; 1080x2340; xiaomi; POCO F3; poco-f3; qcom)",
    "device_id": "android-f7d8fac4c6cc8cba",
    "phone_id": "80073912809566c5f7233148e2985ca4-d6237410b18df729e7f7ca2e9a50c7ff",
    "uuid": "3e92d734-2fda-d9a2-58b6-d6c938319b0c",
    "device_name": "xiaomi POCO F3"
}