{
    "app_version": "269.0.0.18.75",
    "android_version": "11",
    "android_release": "11",
    "dpi": "440dpi",
    "resolution": "1440x3200",
    "manufacturer": "google",
    "device": "Pixel 5",
    "model": "Pixel 5",
    "cpu": "qcom",
    "version_code": "365203812",
    "user_agent": "Instagram 269.0.0.18.75 Android (11/11; 440dpi; 1440x3200; google; Pixel 5; pixel-5; qcom)",
    "device_id": "android-119ffa4715d045a0",
    "phone_id": "587ae3399671cbf9562ba36f8997da67-dfe96471599f0bc9de531fa4603caf3c",
    "uuid": "d6bc56c6-1820-fe76-430a-d852f09cc315",
    "device_name": "google Pixel 5"
}