{
    "app_version": "269.0.0.18.75",
    "android_version": "10.0",
    "android_release": "10.0",
    "dpi": "560dpi",
    "resolution": "1080x2340",
    "manufacturer": "oneplus",
    "device": "8 Pro",
    "model": "8 Pro",
    "cpu": "qcom",
    "version_code": "365203812",
    "user_agent": "Instagram 269.0.0.18.75 Android (10.0/10.0; 560dpi; 1080x2340; oneplus; 8 Pro; 8-pro; qcom)",
    "device_id": "android-2af07f1b8d476d2a",
    "phone_id": "2472bc84b7778e29d90cd576a472ec4a-b2d9ce81fd8240a2aecede9425721a88",
    "uuid": "588b0f4f-48d8-6635-9870-d2cb0c18ab06",
    "device_name": "oneplus 8 Pro"
}