{
    "app_version": "269.0.0.18.75",
    "android_version": "12.0.1",
    "android_release": "12.0.1",
    "dpi": "400dpi",
    "resolution": "1080x2400",
    "manufacturer": "xiaomi",
    "device": "Redmi Note 9",
    "model": "Redmi Note 9",
    "cpu": "qcom",
    "version_code": "365203812",
    "user_agent": "Instagram 269.0.0.18.75 Android (12.0.1/12.0.1; 400dpi; 1080x2400; xiaomi; Redmi Note 9; redmi-note-9; qcom)",
    "device_id": "android-9f57affb7d3af7f8",
    "phone_id": "d42eb22e6b039dbc3ba25b5a6b08b0bb-cde3ab2e24cb2fd75d61df9b148518b2",
    "uuid": "98308630-429b-c7e4-8e30-91d9e511dca2",
    "device_name": "xiaomi Redmi Note 9"
}