{
    "app_version": "269.0.0.18.75",
    "android_version": "10.0",
    "android_release": "10.0",
    "dpi": "560dpi",
    "resolution": "1080x2340",
    "manufacturer": "oneplus",
    "device": "9",
    "model": "9",
    "cpu": "qcom",
    "version_code": "365203812",
    "user_agent": "Instagram 269.0.0.18.75 Android (10.0/10.0; 560dpi; 1080x2340; oneplus; 9; 9; qcom)",
    "device_id": "android-046ab9eec944e9ca",
    "phone_id": "326ed2bc1a6374c5dabf80a208f1264c-da5aefbd3537b3b9723467978b35a476",
    "uuid": "c85ba504-1621-6246-398e-c90db3e49adf",
    "device_name": "oneplus 9"
}