{
    "app_version": "269.0.0.18.75",
    "android_version": "11.0",
    "android_release": "11.0",
    "dpi": "560dpi",
    "resolution": "1440x3200",
    "manufacturer": "oppo",
    "device": "Reno 6 Pro",
    "model": "Reno 6 Pro",
    "cpu": "qcom",
    "version_code": "365203812",
    "user_agent": "Instagram 269.0.0.18.75 Android (11.0/11.0; 560dpi; 1440x3200; oppo; Reno 6 Pro; reno-6-pro; qcom)",
    "device_id": "android-c0128dc2d7ecd87a",
    "phone_id": "a6bfc11219a5058a3313d6dd27b8b7c5-bf1af066d8a7d591a252fe8eaa5858f4",
    "uuid": "a04abf03-ccba-f28c-be9b-30e1e7ea91ce",
    "device_name": "oppo Reno 6 Pro"
}