{
    "app_version": "269.0.0.18.75",
    "android_version": "13",
    "android_release": "13",
    "dpi": "420dpi",
    "resolution": "1080x2160",
    "manufacturer": "oneplus",
    "device": "9",
    "model": "9",
    "cpu": "qcom",
    "version_code": "365203812",
    "user_agent": "Instagram 269.0.0.18.75 Android (13/13; 420dpi; 1080x2160; oneplus; 9; 9; qcom)",
    "device_id": "android-45743aa7d23a5fe5",
    "phone_id": "98ebd5ab23dbf2391b8583235fbc6ae9-008c4ed3af28a5b60225952e4d286b6e",
    "uuid": "2ec5aa3e-1b74-7ba5-cfae-2a2676469435",
    "device_name": "oneplus 9"
}