{
    "app_version": "269.0.0.18.75",
    "android_version": "11",
    "android_release": "11",
    "dpi": "440dpi",
    "resolution": "1440x3200",
    "manufacturer": "oppo",
    "device": "A74",
    "model": "A74",
    "cpu": "qcom",
    "version_code": "365203812",
    "user_agent": "Instagram 269.0.0.18.75 Android (11/11; 440dpi; 1440x3200; oppo; A74; a74; qcom)",
    "device_id": "android-6d98bad0f7cee16d",
    "phone_id": "b499876653cf41b19aab6baaec12a33d-7bb405f277c0f0bfa7df58735828c5a9",
    "uuid": "7e8b0cc8-7bd6-0d63-b87f-e6e627c49afb",
    "device_name": "oppo A74"
}