{
    "app_version": "269.0.0.18.75",
    "android_version": "11.0",
    "android_release": "11.0",
    "dpi": "480dpi",
    "resolution": "1440x3200",
    "manufacturer": "oneplus",
    "device": "8T",
    "model": "8T",
    "cpu": "qcom",
    "version_code": "365203812",
    "user_agent": "Instagram 269.0.0.18.75 Android (11.0/11.0; 480dpi; 1440x3200; oneplus; 8T; 8t; qcom)",
    "device_id": "android-dd7b5762e1e19cb8",
    "phone_id": "4e5af846b2eb2a3c3e7ae683f1c45bc7-4ac76153633993b830e11f31046742a7",
    "uuid": "cbcb65f0-7252-65f8-33f4-fdb063e4d570",
    "device_name": "oneplus 8T"
}