{
    "app_version": "269.0.0.18.75",
    "android_version": "13.0",
    "android_release": "13.0",
    "dpi": "420dpi",
    "resolution": "1440x3200",
    "manufacturer": "oppo",
    "device": "Find X3 Pro",
    "model": "Find X3 Pro",
    "cpu": "qcom",
    "version_code": "365203812",
    "user_agent": "Instagram 269.0.0.18.75 Android (13.0/13.0; 420dpi; 1440x3200; oppo; Find X3 Pro; find-x3-pro; qcom)",
    "device_id": "android-6a5491ecf3a75c4e",
    "phone_id": "a50dce56995fb584cef14d14600d10f8-53d3c11e02df464ad42cdd191dfd137b",
    "uuid": "7808ae40-33fd-94dc-143c-ee82b9fcb0b3",
    "device_name": "oppo Find X3 Pro"
}