{
    "app_version": "269.0.0.18.75",
    "android_version": "12.0.1",
    "android_release": "12.0.1",
    "dpi": "400dpi",
    "resolution": "1080x2280",
    "manufacturer": "oppo",
    "device": "Find X3 Pro",
    "model": "Find X3 Pro",
    "cpu": "qcom",
    "version_code": "365203812",
    "user_agent": "Instagram 269.0.0.18.75 Android (12.0.1/12.0.1; 400dpi; 1080x2280; oppo; Find X3 Pro; find-x3-pro; qcom)",
    "device_id": "android-86eb4cbd98b73132",
    "phone_id": "f3c9251edf965a18c99a020d7563044b-0d5c089c40ba19193965d252fa783fe3",
    "uuid": "683e2c8a-118f-8386-6f97-059caadcfe87",
    "device_name": "oppo Find X3 Pro"
}