{
    "app_version": "269.0.0.18.75",
    "android_version": "13.0",
    "android_release": "13.0",
    "dpi": "400dpi",
    "resolution": "1080x2400",
    "manufacturer": "google",
    "device": "Pixel 6",
    "model": "Pixel 6",
    "cpu": "qcom",
    "version_code": "365203812",
    "user_agent": "Instagram 269.0.0.18.75 Android (13.0/13.0; 400dpi; 1080x2400; google; Pixel 6; pixel-6; qcom)",
    "device_id": "android-3c71e241c450c753",
    "phone_id": "30cbd771af82afb31b594e388b4d352f-294546d7c6ce383ee415d69a9f8dff89",
    "uuid": "0646f040-ae15-bbe8-4184-244d54aaf38c",
    "device_name": "google Pixel 6"
}