{
    "app_version": "269.0.0.18.75",
    "android_version": "11",
    "android_release": "11",
    "dpi": "420dpi",
    "resolution": "1080x2160",
    "manufacturer": "oppo",
    "device": "Find X2",
    "model": "Find X2",
    "cpu": "qcom",
    "version_code": "365203812",
    "user_agent": "Instagram 269.0.0.18.75 Android (11/11; 420dpi; 1080x2160; oppo; Find X2; find-x2; qcom)",
    "device_id": "android-86ae110a57845523",
    "phone_id": "565a86603fd7af686102d2fc3eafb2f2-2fe48c5e43824f82a785e4e516f84ece",
    "uuid": "24f20907-a462-a462-3d6d-16ae9f6233de",
    "device_name": "oppo Find X2"
}