{
    "app_version": "269.0.0.18.75",
    "android_version": "12.0.1",
    "android_release": "12.0.1",
    "dpi": "420dpi",
    "resolution": "1080x2340",
    "manufacturer": "oneplus",
    "device": "8T",
    "model": "8T",
    "cpu": "qcom",
    "version_code": "365203812",
    "user_agent": "Instagram 269.0.0.18.75 Android (12.0.1/12.0.1; 420dpi; 1080x2340; oneplus; 8T; 8t; qcom)",
    "device_id": "android-cf4b887d0c8b84b3",
    "phone_id": "88735fa209d8a1d5b7f9bf8468afbd1b-889bc914ff2a1a38a7b0b7c98d560c4b",
    "uuid": "14975557-628c-0241-d4d0-96b3bc504214",
    "device_name": "oneplus 8T"
}