{
    "app_version": "269.0.0.18.75",
    "android_version": "12",
    "android_release": "12",
    "dpi": "400dpi",
    "resolution": "1080x2400",
    "manufacturer": "oneplus",
    "device": "9",
    "model": "9",
    "cpu": "qcom",
    "version_code": "365203812",
    "user_agent": "Instagram 269.0.0.18.75 Android (12/12; 400dpi; 1080x2400; oneplus; 9; 9; qcom)",
    "device_id": "android-575a4aec7c6d7b7e",
    "phone_id": "eed257428d07bcd4e4bb85ddfc84f714-3414c9af7edb2245607bc6709180423b",
    "uuid": "55653e8e-d6f6-5e48-9a81-9f1f79a4f3a6",
    "device_name": "oneplus 9"
}