{
    "app_version": "269.0.0.18.75",
    "android_version": "12",
    "android_release": "12",
    "dpi": "440dpi",
    "resolution": "1440x3200",
    "manufacturer": "oneplus",
    "device": "7T",
    "model": "7T",
    "cpu": "qcom",
    "version_code": "365203812",
    "user_agent": "Instagram 269.0.0.18.75 Android (12/12; 440dpi; 1440x3200; oneplus; 7T; 7t; qcom)",
    "device_id": "android-10b744d23f82f9fe",
    "phone_id": "9dcee42a8bfcf4b4b3d566ab7c263ab6-b622ae60b42227054be3fa8172c80e18",
    "uuid": "b513da88-12ba-aaaa-4c10-79821513c297",
    "device_name": "oneplus 7T"
}