{
    "app_version": "269.0.0.18.75",
    "android_version": "13",
    "android_release": "13",
    "dpi": "420dpi",
    "resolution": "1080x2280",
    "manufacturer": "oneplus",
    "device": "9 Pro",
    "model": "9 Pro",
    "cpu": "qcom",
    "version_code": "365203812",
    "user_agent": "Instagram 269.0.0.18.75 Android (13/13; 420dpi; 1080x2280; oneplus; 9 Pro; 9-pro; qcom)",
    "device_id": "android-4b54a9dd0164ca8f",
    "phone_id": "18c9609f453cb93793fcd4ec3141ed05-af2feefd6a01d4e7954dc3edbdb45aa9",
    "uuid": "1adae4ed-08d6-5285-681c-3dc64aff4665",
    "device_name": "oneplus 9 Pro"
}