{
    "app_version": "269.0.0.18.75",
    "android_version": "11",
    "android_release": "11",
    "dpi": "440dpi",
    "resolution": "1080x2340",
    "manufacturer": "oneplus",
    "device": "9",
    "model": "9",
    "cpu": "qcom",
    "version_code": "365203812",
    "user_agent": "Instagram 269.0.0.18.75 Android (11/11; 440dpi; 1080x2340; oneplus; 9; 9; qcom)",
    "device_id": "android-bcf46883e31e16e1",
    "phone_id": "09a56f7de14adbfd20a78ce165710747-334c8498819ff73ae5630dfb465fc0ae",
    "uuid": "d67b0dcc-dac9-a030-42e5-8496b524a3f6",
    "device_name": "oneplus 9"
}