{
    "app_version": "269.0.0.18.75",
    "android_version": "10.0",
    "android_release": "10.0",
    "dpi": "480dpi",
    "resolution": "1080x2400",
    "manufacturer": "oneplus",
    "device": "8 Pro",
    "model": "8 Pro",
    "cpu": "qcom",
    "version_code": "365203812",
    "user_agent": "Instagram 269.0.0.18.75 Android (10.0/10.0; 480dpi; 1080x2400; oneplus; 8 Pro; 8-pro; qcom)",
    "device_id": "android-f93cb5d1f5ca2665",
    "phone_id": "e555110d7bcf7a2ab463436ce4089c82-00c899153698b490d00d5ef03a4141d2",
    "uuid": "94604070-d4a5-c167-1ef7-6fb52ca90909",
    "device_name": "oneplus 8 Pro"
}