{
    "app_version": "269.0.0.18.75",
    "android_version": "10.0",
    "android_release": "10.0",
    "dpi": "420dpi",
    "resolution": "1440x3200",
    "manufacturer": "oppo",
    "device": "Find X2",
    "model": "Find X2",
    "cpu": "qcom",
    "version_code": "365203812",
    "user_agent": "Instagram 269.0.0.18.75 Android (10.0/10.0; 420dpi; 1440x3200; oppo; Find X2; find-x2; qcom)",
    "device_id": "android-e9eea0e8f53f0ead",
    "phone_id": "abfd64e860c486c9234234664194fce9-a7fe4395072d327dcf98d295041a6f2c",
    "uuid": "a68b58c9-d92f-71b8-079f-c8c2c8208848",
    "device_name": "oppo Find X2"
}