{
    "app_version": "269.0.0.18.75",
    "android_version": "13.0",
    "android_release": "13.0",
    "dpi": "480dpi",
    "resolution": "1080x2280",
    "manufacturer": "oppo",
    "device": "Find X3 Pro",
    "model": "Find X3 Pro",
    "cpu": "qcom",
    "version_code": "365203812",
    "user_agent": "Instagram 269.0.0.18.75 Android (13.0/13.0; 480dpi; 1080x2280; oppo; Find X3 Pro; find-x3-pro; qcom)",
    "device_id": "android-d722ca8599d73cc3",
    "phone_id": "1dcfa30a405fc79301919a0d435c8176-d70a95bba8b2f0c0898cf46c4b4095d7",
    "uuid": "e1ac76bd-8528-fe68-880a-8661de18276d",
    "device_name": "oppo Find X3 Pro"
}