{
    "app_version": "269.0.0.18.75",
    "android_version": "12",
    "android_release": "12",
    "dpi": "560dpi",
    "resolution": "1440x3200",
    "manufacturer": "oneplus",
    "device": "8 Pro",
    "model": "8 Pro",
    "cpu": "qcom",
    "version_code": "365203812",
    "user_agent": "Instagram 269.0.0.18.75 Android (12/12; 560dpi; 1440x3200; oneplus; 8 Pro; 8-pro; qcom)",
    "device_id": "android-7e9ac9a3dae5e37e",
    "phone_id": "153a9a94b3691373b6a892c2ab19c4e4-d4a936c5863a8a5f8f05eb9821aaf4ab",
    "uuid": "f6b47691-bab5-6e47-09db-5e2115000406",
    "device_name": "oneplus 8 Pro"
}