{
    "app_version": "269.0.0.18.75",
    "android_version": "13.0",
    "android_release": "13.0",
    "dpi": "560dpi",
    "resolution": "1080x2280",
    "manufacturer": "oppo",
    "device": "Reno 6 Pro",
    "model": "Reno 6 Pro",
    "cpu": "qcom",
    "version_code": "365203812",
    "user_agent": "Instagram 269.0.0.18.75 Android (13.0/13.0; 560dpi; 1080x2280; oppo; Reno 6 Pro; reno-6-pro; qcom)",
    "device_id": "android-731d8cd28733ab42",
    "phone_id": "656128682c2a63bff7e06c21e00964f3-8e03a0a9189cfe06d3d0a207efe0d2ae",
    "uuid": "547a0b50-224a-747b-fbda-eeac37fbae1e",
    "device_name": "oppo Reno 6 Pro"
}