{
    "app_version": "269.0.0.18.75",
    "android_version": "13.0",
    "android_release": "13.0",
    "dpi": "400dpi",
    "resolution": "1080x2160",
    "manufacturer": "oneplus",
    "device": "9",
    "model": "9",
    "cpu": "qcom",
    "version_code": "365203812",
    "user_agent": "Instagram 269.0.0.18.75 Android (13.0/13.0; 400dpi; 1080x2160; oneplus; 9; 9; qcom)",
    "device_id": "android-4eb4c32c938ee5a2",
    "phone_id": "d9fbc63e7e762d6b2ec1c77dd7cd2383-1a39ef877c38e69a073463205e189e06",
    "uuid": "10622dec-ea3d-3c66-09fa-61107503b687",
    "device_name": "oneplus 9"
}