{
    "app_version": "269.0.0.18.75",
    "android_version": "11.0",
    "android_release": "11.0",
    "dpi": "560dpi",
    "resolution": "1440x3200",
    "manufacturer": "oneplus",
    "device": "9 Pro",
    "model": "9 Pro",
    "cpu": "qcom",
    "version_code": "365203812",
    "user_agent": "Instagram 269.0.0.18.75 Android (11.0/11.0; 560dpi; 1440x3200; oneplus; 9 Pro; 9-pro; qcom)",
    "device_id": "android-b52699ef351e8988",
    "phone_id": "edae0255587418dc1e71cbc5a627cfc0-25398932ecddffc88475211f006db720",
    "uuid": "828db91d-6a59-0613-8961-514ec2b4dd5a",
    "device_name": "oneplus 9 Pro"
}