{
    "app_version": "269.0.0.18.75",
    "android_version": "10",
    "android_release": "10",
    "dpi": "480dpi",
    "resolution": "1080x2340",
    "manufacturer": "oneplus",
    "device": "9",
    "model": "9",
    "cpu": "qcom",
    "version_code": "365203812",
    "user_agent": "Instagram 269.0.0.18.75 Android (10/10; 480dpi; 1080x2340; oneplus; 9; 9; qcom)",
    "device_id": "android-cfad7d6438f91c56",
    "phone_id": "7ac6c840030fca8168ab85ea1dce8e25-5df8ba3932f30de7a8cf26d15606566e",
    "uuid": "5b31475c-f2d1-6df8-de21-4ef850abd9a7",
    "device_name": "oneplus 9"
}