{
    "app_version": "269.0.0.18.75",
    "android_version": "11.0",
    "android_release": "11.0",
    "dpi": "420dpi",
    "resolution": "1080x2340",
    "manufacturer": "oppo",
    "device": "Reno 6 Pro",
    "model": "Reno 6 Pro",
    "cpu": "qcom",
    "version_code": "365203812",
    "user_agent": "Instagram 269.0.0.18.75 Android (11.0/11.0; 420dpi; 1080x2340; oppo; Reno 6 Pro; reno-6-pro; qcom)",
    "device_id": "android-185eef9678c9775e",
    "phone_id": "e0a5f2510853db3e93eeb1a556438975-8fa085acdc83ae6e1e5863f86ade9378",
    "uuid": "cc7b04a0-66fc-1e88-93f4-7319f71fceb0",
    "device_name": "oppo Reno 6 Pro"
}